Source title,Publisher
Statistica Sinica,Academia Sinica
ACM Transactions on Intelligent Systems and Technology,ACM
ACM Computing Surveys,ACM
ACM Transactions on Graphics,ACM
Communications of the ACM,ACM
Journal of the ACM,ACM
ACM Transactions on the Web,ACM
ACM Transactions on Knowledge Discovery from Data,ACM
ACM Transactions on Mathematical Software,ACM
ACM Transactions on Software Engineering and Methodology,ACM
ACM Transactions on Sensor Networks,ACM
ACM Transactions on Information Systems,ACM
ACM Transactions on Database Systems,ACM
ACM Transactions on Programming Languages and Systems,ACM
ACM Transactions on Computer-Human Interaction,ACM
ACM Transactions on Applied Perception,ACM
SIGMOD Record,ACM
ACM Transactions on Accessible Computing,ACM
ACM Transactions on Autonomous and Adaptive Systems,ACM
ACM Transactions on Computer Systems,ACM
ACM Transactions on Computing Education,ACM
Communications of the Association for Information Systems,ACM
Journal of Experimental Algorithmics,ACM
ACM Transactions on Modeling and Computer Simulation,ACM
ACM Transactions on Internet Technology,ACM
ACM Transactions on Storage,ACM
ACM Transactions on Computational Logic,ACM
ACM Transactions on Algorithms,ACM
"ACM Transactions on Multimedia Computing, Communications and Applications",ACM
Computer Communication Review,ACM
ACM Journal on Emerging Technologies in Computing Systems,ACM
ACM Transactions on Management Information Systems,ACM
ACM Transactions on Reconfigurable Technology and Systems,ACM
Journal of Data and Information Quality,ACM
Computers in Entertainment,ACM
ACM SIGPLAN Notices,ACM
Transactions on Embedded Computing Systems,ACM
Transactions on Architecture and Code Optimization,ACM
"International Journal of Computers, Communications and Control",Agora University
Journal of Information Systems,American Accounting Association
AI Magazine,American Association for Artificial Intelligence (AAAI) Press
Journal of Chemical Theory and Computation,American Chemical Society
Journal of Chemical Information and Modeling,American Chemical Society
"Journal of Guidance, Control, and Dynamics",American Institute of Aeronautics and Astronautics
Inverse Problems and Imaging,American Institute of Mathematical Sciences
Discrete and Continuous Dynamical Systems,American Institute of Mathematical Sciences
Discrete and Continuous Dynamical Systems - Series B,American Institute of Mathematical Sciences
Networks and Heterogeneous Media,American Institute of Mathematical Sciences
Chaos,American Institute of Physics
Computing in Science and Engineering,American Institute of Physics
Journal of Mathematical Physics,American Institute of Physics
Library Resources and Technical Services,American Library Association
Information Technology and Libraries,American Library Association
Journal of the American Mathematical Society,American Mathematical Society
Memoirs of the American Mathematical Society,American Mathematical Society
Bulletin of the American Mathematical Society,American Mathematical Society
Mathematics of Computation,American Mathematical Society
Transactions of the American Mathematical Society,American Mathematical Society
Journal of Algebraic Geometry,American Mathematical Society
Mathematical Biosciences and Engineering,Arizona State University
Journal of Computing in Civil Engineering,ASCE
"Journal of Mechanical Design, Transactions Of the ASME",ASME
Journal of Computational and Nonlinear Dynamics,ASME
"Journal of Dynamic Systems, Measurement and Control, Transactions of the ASME",ASME
"Journal of Electronic Packaging, Transactions of the ASME",ASME
"Journal of Manufacturing Science and Engineering, Transactions of the ASME",ASME
Journal of Computing and Information Science in Engineering,ASME
Journal of the Association of Information Systems,Association for Information Systems
International Journal of Computational Intelligence Systems,Atlantis Press
Applied and Computational Mathematics,Azerbaycan Dovlet Iqtisad Universiteti
International Journal for Multiscale Computational Engineering,Begell House
Combinatorial Chemistry and High Throughput Screening,Bentham
Current Bioinformatics,Bentham
Multisensory research,Brill
Journal of Electronic Commerce Research,California State University Press
Acta Numerica,Cambridge University Press
APSIPA Transactions on Signal and Information Processing,Cambridge University Press
Knowledge Engineering Review,Cambridge University Press
Theory and Practice of Logic Programming,Cambridge University Press
"Artificial Intelligence for Engineering Design, Analysis and Manufacturing: AIEDAM",Cambridge University Press
Bulletin of Symbolic Logic,Cambridge University Press
ReCALL,Cambridge University Press
Robotica,Cambridge University Press
Natural Language Engineering,Cambridge University Press
Journal of Functional Programming,Cambridge University Press
Advances in Applied Probability,Cambridge University Press
European Journal of Applied Mathematics,Cambridge University Press
Journal of the Institute of Mathematics of Jussieu,Cambridge University Press
Mathematical Structures in Computer Science,Cambridge University Press
Compositio Mathematica,Cambridge University Press
Ergodic Theory and Dynamical Systems,Cambridge University Press
Bayesian Analysis,Carnegie Mellon University
International Journal of Artificial Intelligence,CESER Publications
Journal of Cheminformatics,Chemistry Central
Computer Science and Information Systems,ComSIS Consortium
Geoscientific Model Development,Copernicus
International Journal of Simulation Modelling,DAAAM International Vienna
"Symmetry, Integrability and Geometry: Methods and Applications (SIGMA)","Department of Applied Research, Institute of Mathematics of National Academy of Science of Ukraine"
Duke Mathematical Journal,Duke University Press
Journal of Theoretical and Applied Electronic Commerce Research,Editorial Universidad de Talca
ESAIM: Mathematical Modelling and Numerical Analysis,EDP Sciences
"ESAIM - Control, Optimisation and Calculus of Variations",EDP Sciences
Mathematical Modelling of Natural Phenomena,EDP Sciences
Physics of Life Reviews,Elsevier
Swarm and Evolutionary Computation,Elsevier
Medical Image Analysis,Elsevier
Computers and Education,Elsevier
Artificial Intelligence,Elsevier
Web Semantics,Elsevier
Pattern Recognition,Elsevier
Cognitive Psychology,Elsevier
Image and Vision Computing,Elsevier
Environmental Modelling and Software,Elsevier
Information Sciences,Elsevier
Information Fusion,Elsevier
Energy,Elsevier
Internet and Higher Education,Elsevier
Information Systems,Elsevier
Journal of Strategic Information Systems,Elsevier
Journal of Informetrics,Elsevier
Future Generation Computer Systems,Elsevier
Computer Speech and Language,Elsevier
Knowledge-Based Systems,Elsevier
Communications in Nonlinear Science and Numerical Simulation,Elsevier
International Journal of Information Management,Elsevier
Applied Soft Computing Journal,Elsevier
Expert Systems with Applications,Elsevier
Pervasive and Mobile Computing,Elsevier
Computers in Human Behavior,Elsevier
Advanced Engineering Informatics,Elsevier
Computer Physics Communications,Elsevier
Applied and Computational Harmonic Analysis,Elsevier
Computer Methods in Applied Mechanics and Engineering,Elsevier
Nonlinear Analysis: Real World Applications,Elsevier
Information and Management,Elsevier
Information and Software Technology,Elsevier
Computer Vision and Image Understanding,Elsevier
Journal of Biomedical Informatics,Elsevier
Nonlinear Analysis: Hybrid Systems,Elsevier
Control Engineering Practice,Elsevier
European Journal of Operational Research,Elsevier
Journal of Artificial Intelligence Research,Elsevier
Computers and Operations Research,Elsevier
Information and Organization,Elsevier
Journal of Memory and Language,Elsevier
Nano Communication Networks,Elsevier
Computers and Mathematics with Applications,Elsevier
Electronic Commerce Research and Applications,Elsevier
Mechanical Systems and Signal Processing,Elsevier
Annual Reviews in Control,Elsevier
Journal of Process Control,Elsevier
Speech Communication,Elsevier
Journal of Network and Computer Applications,Elsevier
Ocean Modelling,Elsevier
Signal Processing,Elsevier
Computer Science Review,Elsevier
Computers and Chemical Engineering,Elsevier
Decision Support Systems,Elsevier
International Journal of Approximate Reasoning,Elsevier
ISPRS Journal of Photogrammetry and Remote Sensing,Elsevier
Journal of Computational Physics,Elsevier
Computer Networks,Elsevier
Fuzzy Sets and Systems,Elsevier
Pattern Recognition Letters,Elsevier
Design Studies,Elsevier
Journal of Materials Processing Technology,Elsevier
Neural Networks,Elsevier
Robotics and Computer-Integrated Manufacturing,Elsevier
Systems and Control Letters,Elsevier
Transportation Research Part C: Emerging Technologies,Elsevier
Computers in Industry,Elsevier
International Journal of Human Computer Studies,Elsevier
Journal of Systems and Software,Elsevier
Journal of Theoretical Biology,Elsevier
Robotics and Autonomous Systems,Elsevier
Computers and Electronics in Agriculture,Elsevier
Engineering Applications of Artificial Intelligence,Elsevier
International Journal of Fatigue,Elsevier
Journal of Computational Science,Elsevier
Journal of the Franklin Institute,Elsevier
Computer Communications,Elsevier
Artificial Intelligence in Medicine,Elsevier
Parallel Computing,Elsevier
Computerized Medical Imaging and Graphics,Elsevier
Computers and Structures,Elsevier
Digital Signal Processing: A Review Journal,Elsevier
Mechatronics,Elsevier
Ad Hoc Networks,Elsevier
Computers and Industrial Engineering,Elsevier
Computers and Security,Elsevier
Chemometrics and Intelligent Laboratory Systems,Elsevier
International Journal of Solids and Structures,Elsevier
Journal of Computer and System Sciences,Elsevier
Simulation Modelling Practice and Theory,Elsevier
Journal of Mathematical Psychology,Elsevier
Applied Mathematical Modelling,Elsevier
BioSystems,Elsevier
CAD Computer Aided Design,Elsevier
Journal of Molecular Graphics and Modelling,Elsevier
Neurocomputing,Elsevier
Advances in Engineering Software,Elsevier
Ecological Informatics,Elsevier
Mechanism and Machine Theory,Elsevier
Performance Evaluation,Elsevier
Journal of Non-Newtonian Fluid Mechanics,Elsevier
"Nonlinear Analysis, Theory, Methods and Applications",Elsevier
Computational Materials Science,Elsevier
Computers and Geotechnics,Elsevier
Journal of Parallel and Distributed Computing,Elsevier
Library and Information Science Research,Elsevier
Physica D: Nonlinear Phenomena,Elsevier
Computer Methods and Programs in Biomedicine,Elsevier
Applied Mathematics Letters,Elsevier
Cognitive Systems Research,Elsevier
Computer Standards and Interfaces,Elsevier
Information Processing and Management,Elsevier
Photonics and Nanostructures - Fundamentals and Applications,Elsevier
Biomedical Signal Processing and Control,Elsevier
Computers and Geosciences,Elsevier
Journal of Complexity,Elsevier
Journal of Visual Communication and Image Representation,Elsevier
Physica A: Statistical Mechanics and its Applications,Elsevier
Signal Processing: Image Communication,Elsevier
Telecommunications Policy,Elsevier
Telematics and Informatics,Elsevier
Computers and Fluids,Elsevier
Computers and Graphics,Elsevier
Engineering Analysis with Boundary Elements,Elsevier
Annales de l'Institut Henri Poincare (C) Analyse Non Lineaire,Elsevier
Applied Mathematics and Computation,Elsevier
Finite Elements in Analysis and Design,Elsevier
International Journal of Critical Infrastructure Protection,Elsevier
Digital Investigation,Elsevier
Journal of Computational and Applied Mathematics,Elsevier
Computational Biology and Chemistry,Elsevier
"European Journal of Mechanics, B/Fluids",Elsevier
International Journal of Non-Linear Mechanics,Elsevier
Computational Statistics and Data Analysis,Elsevier
Computers in Biology and Medicine,Elsevier
Journal of Differential Equations,Elsevier
Calphad: Computer Coupling of Phase Diagrams and Thermochemistry,Elsevier
Mathematical Biosciences,Elsevier
Science of Computer Programming,Elsevier
Information and Computation,Elsevier
Mathematics and Computers in Simulation,Elsevier
Theoretical and Applied Fracture Mechanics,Elsevier
Computers and Electrical Engineering,Elsevier
"Integration, the VLSI Journal",Elsevier
Journal of Cultural Heritage,Elsevier
Journal of Functional Analysis,Elsevier
Journal of Manufacturing Systems,Elsevier
Wave Motion,Elsevier
Advances in Mathematics,Elsevier
Computational Geometry: Theory and Applications,Elsevier
Computer Aided Geometric Design,Elsevier
Insurance: Mathematics and Economics,Elsevier
Journal des Mathematiques Pures et Appliquees,Elsevier
Journal of Economic Dynamics and Control,Elsevier
Sustainable Computing: Informatics and Systems,Elsevier
Annales Scientifiques de l'Ecole Normale Superieure,Elsevier
Applied Numerical Mathematics,Elsevier
Displays,Elsevier
Flow Measurement and Instrumentation,Elsevier
Journal of Combinatorial Theory. Series B,Elsevier
"Chaos, Solitons and Fractals",Elsevier
Clinical Simulation in Nursing,Elsevier
Discrete Optimization,Elsevier
Journal of Mathematical Analysis and Applications,Elsevier
Journal of Pragmatics,Elsevier
Journal of Rail Transport Planning and Management,Elsevier
Entertainment Computing,Elsevier
"Genomics, Proteomics and Bioinformatics",Elsevier
Graphical Models,Elsevier
Journal of Multivariate Analysis,Elsevier
Theoretical Computer Science,Elsevier
Advances in Applied Mathematics,Elsevier
Journal of Geometry and Physics,Elsevier
Journal of Symbolic Computation,Elsevier
Journal of Systems Architecture,Elsevier
Optical Switching and Networking,Elsevier
Journal of Choice Modelling,Elsevier
Journal of Combinatorial Theory - Series A,Elsevier
Journal of Discrete Algorithms,Elsevier
Linear Algebra and Its Applications,Elsevier
Stochastic Processes and their Applications,Elsevier
Expositiones Mathematicae,Elsevier
Information Processing Letters,Elsevier
Journal of Statistical Planning and Inference,Elsevier
Spatial Statistics,Elsevier
Discrete Applied Mathematics,Elsevier
European Journal of Combinatorics,Elsevier
Journal of Approximation Theory,Elsevier
Microprocessors and Microsystems,Elsevier
Industrial Management and Data Systems,Emerald
Journal of Documentation,Emerald
Engineering Computations,Emerald
Online Information Review,Emerald
"Transforming Government: People, Process and Policy",Emerald
Information Technology and People,Emerald
Journal of Enterprise Information Management,Emerald
Journal of Manufacturing Technology Management,Emerald
Electronic Library,Emerald
Library Hi Tech,Emerald
Information and Computer Security,Emerald
International Journal of Numerical Methods for Heat and Fluid Flow,Emerald
Industrial Robot,Emerald
International Journal of Intelligent Computing and Cybernetics,Emerald
Journal of Object Technology,EtH Zurich
Journal of the European Mathematical Society,European Mathematical Society Publishing House
Commentarii Mathematici Helvetici,European Mathematical Society Publishing House
Revista Matematica Iberoamericana,European Mathematical Society Publishing House
"Journal of Numerical Analysis, Industrial and Applied Mathematics",European Society of Computational Methods in Sciences and Engineering
Frontiers in Neurorobotics,Frontiers Media S.A.
Frontiers in Neuroinformatics,Frontiers Media S.A.
Advanced Studies in Contemporary Mathematics (Kyungshang),Guduk Co.
Computational Intelligence and Neuroscience,Hindawi
Mobile Information Systems,Hindawi
Scientific Programming,Hindawi
Complexity,Hindawi
Advances in Human-Computer Interaction,Hindawi
International Journal of Telemedicine and Applications,Hindawi
Journal of Advanced Transportation,Hindawi
Wireless Communications and Mobile Computing,Hindawi
International Journal of Reconfigurable Computing,Hindawi
IBM Journal of Research and Development,IBM Corp.
IET Image Processing,IEE
IEEE Transactions on Pattern Analysis and Machine Intelligence,IEEE
IEEE Transactions on Evolutionary Computation,IEEE
Proceedings of the IEEE,IEEE
IEEE Transactions on Fuzzy Systems,IEEE
IEEE Communications Magazine,IEEE
IEEE Wireless Communications,IEEE
IEEE Transactions on Smart Grid,IEEE
IEEE Journal on Selected Topics in Signal Processing,IEEE
IEEE Network,IEEE
IEEE Transactions on Neural Networks and Learning Systems,IEEE
IEEE Transactions on Services Computing,IEEE
IEEE Transactions on Medical Imaging,IEEE
IEEE Transactions on Industrial Informatics,IEEE
IEEE Transactions on Affective Computing,IEEE
IEEE Transactions on Automatic Control,IEEE
IEEE Transactions on Image Processing,IEEE
IEEE Transactions on Robotics,IEEE
IEEE Transactions on Software Engineering,IEEE
IEEE Journal on Selected Areas in Communications,IEEE
IEEE Transactions on Signal Processing,IEEE
IEEE Transactions on Mobile Computing,IEEE
IEEE/ASME Transactions on Mechatronics,IEEE
IEEE Computational Intelligence Magazine,IEEE
IEEE Transactions on Human-Machine Systems,IEEE
IEEE Transactions on Intelligent Transportation Systems,IEEE
IEEE Journal of Biomedical and Health Informatics,IEEE
IEEE Transactions on Computational Intelligence and AI in Games,IEEE
IEEE Transactions on Information Theory,IEEE
IEEE Transactions on Knowledge and Data Engineering,IEEE
IEEE Transactions on Vehicular Technology,IEEE
IEEE Transactions on Wireless Communications,IEEE
IEEE Micro,IEEE
IEEE/ACM Transactions on Networking,IEEE
IEEE Transactions on Information Forensics and Security,IEEE
IEEE Robotics and Automation Magazine,IEEE
IEEE Circuits and Systems Magazine,IEEE
IEEE Pervasive Computing,IEEE
IEEE Transactions on Parallel and Distributed Systems,IEEE
IEEE Internet Computing,IEEE
IEEE Transactions on Visualization and Computer Graphics,IEEE
IEEE Design and Test,IEEE
IEEE Transactions on Dependable and Secure Computing,IEEE
IEEE Transactions on Learning Technologies,IEEE
IEEE Transactions on Multimedia,IEEE
IEEE Transactions on Haptics,IEEE
IEEE Control Systems,IEEE
IEEE Intelligent Systems,IEEE
IEEE Signal Processing Letters,IEEE
IEEE Systems Journal,IEEE
IEEE Computer Architecture Letters,IEEE
IEEE Transactions on Computer-Aided Design of Integrated Circuits and Systems,IEEE
IEEE Transactions on Computers,IEEE
IEEE Transactions on Nanotechnology,IEEE
IEEE Multimedia,IEEE
IEEE Security and Privacy,IEEE
IEEE Transactions on Very Large Scale Integration (VLSI) Systems,IEEE
IEEE/ACM Transactions on Computational Biology and Bioinformatics,IEEE
IEEE Software,IEEE
IEEE Communications Letters,IEEE
IEEE Transactions on Nanobioscience,IEEE
IEEE Intelligent Transportation Systems Magazine,IEEE
IEEE Computer Graphics and Applications,IEEE
IEEE Transactions on Network and Service Management,IEEE
IEEE Embedded Systems Letters,IEEE
IT Professional,IEEE
International Journal of Data Warehousing and Mining,IGI Global Publishing
International Journal of Human Capital and Information Technology Professionals,IGI Global Publishing
Journal of Database Management,IGI Global Publishing
International Journal of Enterprise Information Systems,IGI Global Publishing
International Journal of Fuzzy System Applications,IGI Global Publishing
International Journal of Intelligent Information Technologies,IGI Global Publishing
Semantic Web and Information Systems,IGI Global Publishing
International Journal of Information System Modeling and Design,IGI Global Publishing
International Journal of Agricultural and Environmental Information Systems,IGI Global Publishing
International Journal of Cognitive Informatics and Natural Intelligence,IGI Global Publishing
International Journal of Web Services Research,IGI Global Publishing
Journal of Organizational and End User Computing,IGI Global Publishing
International Journal of Electronic Government Research,IGI Global Publishing
Journal of Global Information Management,IGI Global Publishing
International Journal of Mechatronics and Automation,Inderscience
International Journal of Bio-Inspired Computation,Inderscience
International Journal of Sensor Networks,Inderscience
International Journal of Security and Networks,Inderscience
International Journal of Web and Grid Services,Inderscience
International Journal of Mathematical Modelling and Numerical Optimisation,Inderscience
Electronic Government,Inderscience
International Journal of Agile Systems and Management,Inderscience
"International Journal of Modelling, Identification and Control",Inderscience
International Journal of Mathematics in Operational Research,Inderscience
International Journal of Wireless and Mobile Computing,Inderscience
International Journal of Ad Hoc and Ubiquitous Computing,Inderscience
International Journal of Technology Management,Inderscience
International Journal of Manufacturing Research,Inderscience
International Journal of Mobile Learning and Organisation,Inderscience
"Interdisciplinary Journal of Information, Knowledge, and Management",Informing Science Institute
"Journal of Wireless Mobile Networks, Ubiquitous Computing, and Dependable Applications",Innovative Information Science & Technology Research Group (ISYOU)
Information Systems Research,Institute for Operations Research and the Management Sciences
Operations Research,Institute for Operations Research and the Management Sciences
INFORMS Journal on Computing,Institute for Operations Research and the Management Sciences
Mathematics of Operations Research,Institute for Operations Research and the Management Sciences
Statistics Surveys,Institute of Mathematical Statistics
Annals of Statistics,Institute of Mathematical Statistics
Statistical Science,Institute of Mathematical Statistics
Annals of Applied Statistics,Institute of Mathematical Statistics
Annals of Applied Probability,Institute of Mathematical Statistics
Annals of Probability,Institute of Mathematical Statistics
Probability Surveys,Institute of Mathematical Statistics
Annales de l'institut Henri Poincare (B) Probability and Statistics,Institute of Mathematical Statistics
Dissertationes Mathematicae,"Institute of Mathematics, Polish Academy of Sciences"
Smart Materials and Structures,Institute of Physics Publishing
Journal of Statistical Mechanics: Theory and Experiment,Institute of Physics Publishing
Inverse Problems,Institute of Physics Publishing
Journal of Physics A: Mathematical and Theoretical,Institute of Physics Publishing
Measurement Science and Technology,Institute of Physics Publishing
Modelling and Simulation in Materials Science and Engineering,Institute of Physics Publishing
Journal of Instrumentation,Institute of Physics Publishing
Nonlinearity,Institute of Physics Publishing
Physica Scripta,Institute of Physics Publishing
IET Control Theory and Applications,Institution of Engineering and Technology
IET Systems Biology,Institution of Engineering and Technology
IET Computer Vision,Institution of Engineering and Technology
IET Communications,Institution of Engineering and Technology
IET Signal Processing,Institution of Engineering and Technology
IET Software,Institution of Engineering and Technology
IET Information Security,Institution of Engineering and Technology
ISA Transactions,Instrument Society of America
IAENG International Journal of Computer Science,International Association of Engineers
International Journal of Advances in Soft Computing and its Applications,International Center for Scientific Research and Studies (ICSRS)
Communications in Mathematical Sciences,"International Press of Boston, Inc."
Advances in Theoretical and Mathematical Physics,"International Press of Boston, Inc."
Communications in Number Theory and Physics,"International Press of Boston, Inc."
Journal of Differential Geometry,"International Press of Boston, Inc."
Journal of Environmental Informatics,International Society for Environmental Information Sciences
Semantic Web,IOS Press
Argument and Computation,IOS Press
Integrated Computer-Aided Engineering,IOS Press
Journal of Computer Security,IOS Press
AI Communications,IOS Press
Journal of Ambient Intelligence and Smart Environments,IOS Press
Applied Ontology,IOS Press
Informatica,IOS Press
Information Polity,IOS Press
Fundamenta Informaticae,IOS Press
Interaction Studies,John Benjamins Publishing Company
American Journal of Mathematics,Johns Hopkins University Press
Topological Methods in Nonlinear Analysis,Juliusz Schauder Center
Information Technology and Control,Kaunas University of Technology
Electronic Transactions on Numerical Analysis,Kent State University
"International Journal of Control, Automation and Systems",Korean Institute of Electrical Engineers
Journal of Korean Institute of Metals and Materials,Korean Institute of Metals and Materials
Journal of Information Technology in Construction,Kungliga Tenkniska Hoegskolan/Royal Institute of technology
"International Journal of Innovative Computing, Information and Control",Kyushu Tokai University
Evolutionary Bioinformatics,Libertas Academica
Bioinformatics and Biology Insights,Libertas Academica
Gene Regulation and Systems Biology,Libertas Academica
"Cyberpsychology, Behavior, and Social Networking",Mary Ann Liebert
Journal of Computational Biology,Mary Ann Liebert
Communications in Applied Mathematics and Computational Science,Mathematical Sciences Publishers
Evolutionary Computation,MIT Press
Journal of Machine Learning Research,MIT Press
Computational Linguistics,MIT Press
Artificial Life,MIT Press
Presence: Teleoperators and Virtual Environments,MIT Press
"Eurasia Journal of Mathematics, Science and Technology Education",Modestum Ltd.
Future Internet,Multidisciplinary Digital Publishing Institute (MDPI)
Sensors,Multidisciplinary Digital Publishing Institute (MDPI)
Symmetry,Multidisciplinary Digital Publishing Institute (MDPI)
International Journal of Molecular Sciences,Multidisciplinary Digital Publishing Institute (MDPI)
Energies,Multidisciplinary Digital Publishing Institute (MDPI)
Entropy,Multidisciplinary Digital Publishing Institute (MDPI)
Dianli Xitong Zidonghua/Automation of Electric Power Systems,Nanjing Zidonghua Yanjiusuo/Nanjing Automation Research Institute
Journal of Interactive Online Learning,National Center for Online Learning Research
Journal for Research in Mathematics Education,National Council of Teachers of Mathematics
Studies in Informatics and Control,National Institute for R & D in Informatics
Journal of Information Hiding and Multimedia Signal Processing,National Kaohsiung University of Applied Sciences
International Journal of Design,National Taiwan University of Science and Technology
Foundations and Trends in Machine Learning,Now Publishers Inc.
Foundations and Trends in Information Retrieval,Now Publishers Inc.
Foundations and Trends in Communications and Information Theory,Now Publishers Inc.
Foundations and Trends in Human-Computer Interaction,Now Publishers Inc.
Foundations and Trends in Signal Processing,Now Publishers Inc.
Foundations and Trends in Databases,Now Publishers Inc.
Foundations and Trends in Theoretical Computer Science,Now Publishers Inc.
Journal of Multiple-Valued Logic and Soft Computing,Old City Publishing Inc.
Journal of Optical Communications and Networking,Optical Society of America
"Journal of the Optical Society of America A: Optics and Image Science, and Vision",Optical Society of America
Bioinformatics,Oxford University Press
Briefings in Bioinformatics,Oxford University Press
Database : the journal of biological databases and curation,Oxford University Press
Interacting with Computers,Oxford University Press
Biostatistics,Oxford University Press
GigaScience,Oxford University Press
Biometrika,Oxford University Press
Mathematical Medicine and Biology,Oxford University Press
Computer Journal,Oxford University Press
IMA Journal of Numerical Analysis,Oxford University Press
Journal of Logic and Computation,Oxford University Press
Quarterly Journal of Mechanics and Applied Mathematics,Oxford University Press
International Mathematics Research Notices,Oxford University Press
IMA Journal of Applied Mathematics,Oxford University Press
IMA Journal of Mathematical Control and Information,Oxford University Press
International Journal of Prognostics and Health Management,PHM Society
Russian Journal of Mathematical Physics,Pleiades Publishing
"P-Adic Numbers, Ultrametric Analysis, and Applications",Pleiades Publishing
Mathematical Models and Computer Simulations,Pleiades Publishing
Bulletin of the Polish Academy of Sciences: Technical Sciences,Polish Academy of Sciences
International Journal on Communications Antenna and Propagation,Praise Worthy Prize
International Review on Modelling and Simulations,Praise Worthy Prize
Annals of Mathematics,Princeton University Press
PLoS Computational Biology,Public Library of Science
Quantum Information and Computation,"Rinton Press, Inc."
Acta Mathematica,Royal Swedish Academy of Sciences
International Journal of Robotics Research,SAGE
Journal of Service Research,SAGE
Science Technology and Human Values,SAGE
Statistical Methods in Medical Research,SAGE
International Journal of High Performance Computing Applications,SAGE
Information Visualization,SAGE
Social Science Computer Review,SAGE
Journal of Information Science,SAGE
Adaptive Behavior,SAGE
Games and Culture,SAGE
Educational and Psychological Measurement,SAGE
Journal of Strain Analysis for Engineering Design,SAGE
Simulation and Gaming,SAGE
Perception,SAGE
i-Perception,SAGE
Journal of Educational Computing Research,SAGE
Simulation,SAGE
Mathematics and Mechanics of Solids,SAGE
Statistical Modelling,SAGE
Zidonghua Xuebao/Acta Automatica Sinica,Science Press
Journal of Systems Engineering and Electronics,Science Press
Jisuanji Xuebao/Chinese Journal of Computers,Science Press
"Nonlinear Dynamics, Psychology, and Life Sciences",Society for Chaos Theory in Psychology & Life Sciences
SIAM Review,Society for Industrial and Applied Mathematics
SIAM Journal on Imaging Sciences,Society for Industrial and Applied Mathematics
SIAM Journal on Optimization,Society for Industrial and Applied Mathematics
SIAM Journal of Scientific Computing,Society for Industrial and Applied Mathematics
Multiscale Modeling and Simulation,Society for Industrial and Applied Mathematics
SIAM Journal on Computing,Society for Industrial and Applied Mathematics
SIAM Journal on Numerical Analysis,Society for Industrial and Applied Mathematics
SIAM Journal on Control and Optimization,Society for Industrial and Applied Mathematics
SIAM Journal on Applied Dynamical Systems,Society for Industrial and Applied Mathematics
SIAM Journal on Mathematical Analysis,Society for Industrial and Applied Mathematics
SIAM Journal on Matrix Analysis and Applications,Society for Industrial and Applied Mathematics
SIAM Journal on Applied Mathematics,Society for Industrial and Applied Mathematics
SIAM Journal on Financial Mathematics,Society for Industrial and Applied Mathematics Publications
Journal of Ship Research,Society of Naval Architects and Marine Engineers
Journal of Electronic Imaging,SPIE
International Journal of Computer Vision,Springer Nature
NPG Asia Materials,Springer Nature
Archives of Computational Methods in Engineering,Springer Nature
User Modeling and User-Adapted Interaction,Springer Nature
International Journal of Machine Learning and Cybernetics,Springer Nature
Data Mining and Knowledge Discovery,Springer Nature
Autonomous Robots,Springer Nature
Biology Direct,Springer Nature
International Journal of Computer-Supported Collaborative Learning,Springer Nature
Journal of Information Technology,Springer Nature
Requirements Engineering,Springer Nature
Journal of Internet Services and Applications,Springer Nature
BMC Bioinformatics,Springer Nature
Empirical Software Engineering,Springer Nature
Artificial Intelligence Review,Springer Nature
BMC Systems Biology,Springer Nature
Automated Software Engineering,Springer Nature
VLDB Journal,Springer Nature
Genetic Programming and Evolvable Machines,Springer Nature
Machine Learning,Springer Nature
Human-centric Computing and Information Sciences,Springer Nature
Journal of Cryptology,Springer Nature
Vascular Cell,Springer Nature
Biomechanics and Modeling in Mechanobiology,Springer Nature
Mathematical Programming Computation,Springer Nature
Journal of Computer-Aided Molecular Design,Springer Nature
Knowledge and Information Systems,Springer Nature
Software and Systems Modeling,Springer Nature
Information Retrieval,Springer Nature
Molecular Diversity,Springer Nature
Neuroinformatics,Springer Nature
Letters in Mathematical Physics,Springer Nature
Structural and Multidisciplinary Optimization,Springer Nature
Autonomous Agents and Multi-Agent Systems,Springer Nature
Computer Supported Cooperative Work,Springer Nature
Journal of Biomedical Semantics,Springer Nature
Biological Cybernetics,Springer Nature
International Journal of Health Geographics,Springer Nature
Multibody System Dynamics,Springer Nature
Foundations of Computational Mathematics,Springer Nature
Journal of Mathematical Imaging and Vision,Springer Nature
Mathematical Programming,Springer Nature
Scientometrics,Springer Nature
Evolving Systems,Springer Nature
Constraints,Springer Nature
Fixed Point Theory and Applications,Springer Nature
Personal and Ubiquitous Computing,Springer Nature
International Journal of Social Robotics,Springer Nature
Mobile Networks and Applications,Springer Nature
Archive for Rational Mechanics and Analysis,Springer Nature
Computational Mechanics,Springer Nature
International Journal on Document Analysis and Recognition,Springer Nature
Inventiones Mathematicae,Springer Nature
International Journal of Artificial Intelligence in Education,Springer Nature
Medical and Biological Engineering and Computing,Springer Nature
Nonlinear Dynamics,Springer Nature
Publications Mathematiques de l'Institut des Hautes Etudes Scientifiques,Springer Nature
World Wide Web,Springer Nature
Algorithms for Molecular Biology,Springer Nature
Journal of Grid Computing,Springer Nature
Journal of Heuristics,Springer Nature
Swarm Intelligence,Springer Nature
Celestial Mechanics and Dynamical Astronomy,Springer Nature
New Generation Computing,Springer Nature
Applied Intelligence,Springer Nature
Fuzzy Optimization and Decision Making,Springer Nature
Journal of Intelligent and Robotic Systems: Theory and Applications,Springer Nature
Communications in Mathematical Physics,Springer Nature
Computational Geosciences,Springer Nature
GeoInformatica,Springer Nature
Journal of Mathematical Biology,Springer Nature
Psychometrika,Springer Nature
EPJ Data Science,Springer Nature
BioData Mining,Springer Nature
Journal of Nanoparticle Research,Springer Nature
Journal of Scientific Computing,Springer Nature
Soft Computing,Springer Nature
Bulletin of Mathematical Biology,Springer Nature
Electronic Commerce Research,Springer Nature
Information Systems Frontiers,Springer Nature
Networks and Spatial Economics,Springer Nature
Real-Time Systems,Springer Nature
Distributed and Parallel Databases,Springer Nature
International Journal on Software Tools for Technology Transfer,Springer Nature
Journal of Automated Reasoning,Springer Nature
Journal of Medical Systems,Springer Nature
Journal of Nonlinear Science,Springer Nature
Memetic Computing,Springer Nature
3D Research,Springer Nature
Mathematical Geosciences,Springer Nature
Statistics and Computing,Springer Nature
Artificial Intelligence and Law,Springer Nature
Cognitive Processing,Springer Nature
Engineering with Computers,Springer Nature
Journal of Intelligent Manufacturing,Springer Nature
Journal on Multimodal User Interfaces,Springer Nature
Optimization and Engineering,Springer Nature
Ethics and Information Technology,Springer Nature
Eurasip Journal on Advances in Signal Processing,Springer Nature
Geometric and Functional Analysis,Springer Nature
International Journal of Advanced Manufacturing Technology,Springer Nature
International journal of computer assisted radiology and surgery,Springer Nature
Machine Vision and Applications,Springer Nature
Numerische Mathematik,Springer Nature
Service Oriented Computing and Applications,Springer Nature
Software Quality Journal,Springer Nature
Computational Optimization and Applications,Springer Nature
Information Technology and Management,Springer Nature
International Journal of Fracture,Springer Nature
Acta Applicandae Mathematicae,Springer Nature
Advances in Computational Mathematics,Springer Nature
Cellular and Molecular Bioengineering,Springer Nature
Discrete Event Dynamic Systems: Theory and Applications,Springer Nature
Extremes,Springer Nature
Finance and Stochastics,Springer Nature
Formal Aspects of Computing,Springer Nature
International Journal of Fuzzy Systems,Springer Nature
Journal of Molecular Modeling,Springer Nature
Journal of Scheduling,Springer Nature
Multimedia Systems,Springer Nature
Multimedia Tools and Applications,Springer Nature
Natural Computing,Springer Nature
Probability Theory and Related Fields,Springer Nature
Wireless Networks,Springer Nature
Advances in Data Analysis and Classification,Springer Nature
Calculus of Variations and Partial Differential Equations,Springer Nature
Computing and Visualization in Science,Springer Nature
Computing (Vienna/New York),Springer Nature
International Journal of Information Security,Springer Nature
Neural Processing Letters,Springer Nature
Pattern Analysis and Applications,Springer Nature
Quantum Information Processing,Springer Nature
Theoretical Biology and Medical Modelling,Springer Nature
Universal Access in the Information Society,Springer Nature
Algorithmica,Springer Nature
Annales Henri Poincare,Springer Nature
Distributed Computing,Springer Nature
Energy Systems,Springer Nature
Intelligent Service Robotics,Springer Nature
Journal of Ambient Intelligence and Humanized Computing,Springer Nature
Journal of Digital Imaging,Springer Nature
Journal of Global Optimization,Springer Nature
Journal of Mathematical Fluid Mechanics,Springer Nature
Journal of Optimization Theory and Applications,Springer Nature
Multidimensional Systems and Signal Processing,Springer Nature
Visual Computer,Springer Nature
"Circuits, Systems, and Signal Processing",Springer Nature
Constructive Approximation,Springer Nature
Journal of Cryptographic Engineering,Springer Nature
Journal of Statistical Physics,Springer Nature
4OR,Springer Nature
Cognitive Computation,Springer Nature
Eurasip Journal on Embedded Systems,Springer Nature
Evolutionary Intelligence,Springer Nature
Formal Methods in System Design,Springer Nature
Information Systems and e-Business Management,Springer Nature
International Journal of Automation and Computing,Springer Nature
Journal of Computer Virology and Hacking Techniques,Springer Nature
Journal of Real-Time Image Processing,Springer Nature
Numerical Algorithms,Springer Nature
Virtual Reality,Springer Nature
AStA Advances in Statistical Analysis,Springer Nature
Business and Information Systems Engineering,Springer Nature
Journal of Classification,Springer Nature
Journal of Engineering Mathematics,Springer Nature
Journal of Fourier Analysis and Applications,Springer Nature
Journal of Mathematical Chemistry,Springer Nature
Optimization Letters,Springer Nature
Cluster Computing,Springer Nature
"Cognition, Technology and Work",Springer Nature
Eurasip Journal on Image and Video Processing,Springer Nature
"Journal of Agricultural, Biological, and Environmental Statistics",Springer Nature
Journal of Computer Science and Technology,Springer Nature
Journal of Intelligent Information Systems,Springer Nature
Journal of Signal Processing Systems,Springer Nature
Microsystem Technologies,Springer Nature
Sports Engineering,Springer Nature
Theory in Biosciences,Springer Nature
Acta Biotheoretica,Springer Nature
Applied Mathematics and Optimization,Springer Nature
"Designs, Codes, and Cryptography",Springer Nature
Discrete and Computational Geometry,Springer Nature
Environmental and Ecological Statistics,Springer Nature
Innovations in Systems and Software Engineering,Springer Nature
Neural Computing and Applications,Springer Nature
Photonic Network Communications,Springer Nature
Theory of Computing Systems,Springer Nature
Annals of the Institute of Statistical Mathematics,Springer Nature
BIT Numerical Mathematics,Springer Nature
International Journal of Parallel Programming,Springer Nature
International Journal of Theoretical Physics,Springer Nature
Journal of Hydrodynamics,Springer Nature
"Mathematics of Control, Signals, and Systems",Springer Nature
Mathematische Annalen,Springer Nature
Test,Springer Nature
ZDM - International Journal on Mathematics Education,Springer Nature
Zeitschrift fur Angewandte Mathematik und Physik,Springer Nature
Advances in Difference Equations,Springer Nature
Annals of Mathematics and Artificial Intelligence,Springer Nature
"Applicable Algebra in Engineering, Communications and Computing",Springer Nature
Computational Management Science,Springer Nature
Educational Studies in Mathematics,Springer Nature
Electronic Markets,Springer Nature
Journal of Mathematics Teacher Education,Springer Nature
Journal of Supercomputing,Springer Nature
Minds and Machines,Springer Nature
Set-Valued and Variational Analysis,Springer Nature
Source Code for Biology and Medicine,Springer Nature
Computational and Mathematical Organization Theory,Springer Nature
Control Theory and Technology,Springer Nature
International Journal of Speech Technology,Springer Nature
International Journal on Interactive Design and Manufacturing,Springer Nature
Journal of Computational Electronics,Springer Nature
Journal of Dynamics and Differential Equations,Springer Nature
Operational Research,Springer Nature
Potential Analysis,Springer Nature
Acta Informatica,Springer Nature
Annali dell'Universita di Ferrara,Springer Nature
Annali di Matematica Pura ed Applicata,Springer Nature
Cryptography and Communications,Springer Nature
European Actuarial Journal,Springer Nature
Journal d'Analyse Mathematique,Springer Nature
Journal of Applied Mathematics and Computing,Springer Nature
"Journal of Logic, Language and Information",Springer Nature
Journal of Theoretical Probability,Springer Nature
Mathematische Zeitschrift,Springer Nature
Microgravity Science and Technology,Springer Nature
NETNOMICS: Economic Research and Electronic Networking,Springer Nature
"Selecta Mathematica, New Series",Springer Nature
"Signal, Image and Video Processing",Springer Nature
Statistical Papers,Springer Nature
Theory and Decision,Springer Nature
TOP,Springer Nature
Eurasip Journal on Wireless Communications and Networking,Springer Publishing Company
Annali della Scuola normale superiore di Pisa - Classe di scienze,Stampacchia Guido
Electronic Journal of Qualitative Theory of Differential Equations,Szegedi Tudomanyegyetern/University of Szeged
Enterprise Information Systems,Taylor & Francis
European Journal of Information Systems,Taylor & Francis
Journal of Management Information Systems,Taylor & Francis
Human-Computer Interaction,Taylor & Francis
Journal of Business and Economic Statistics,Taylor & Francis
Journal of Building Performance Simulation,Taylor & Francis
Journal of the American Statistical Association,Taylor & Francis
International Journal of Geographical Information Science,Taylor & Francis
Numerical Heat Transfer; Part A: Applications,Taylor & Francis
"Numerical Heat Transfer, Part B: Fundamentals",Taylor & Francis
Multivariate Behavioral Research,Taylor & Francis
International Journal of Digital Earth,Taylor & Francis
Structural Equation Modeling,Taylor & Francis
Journal of Information Technology and Politics,Taylor & Francis
Journal of Simulation,Taylor & Francis
International Journal of Control,Taylor & Francis
International Journal of Human-Computer Interaction,Taylor & Francis
International Journal of Image and Data Fusion,Taylor & Francis
Journal of Computational and Graphical Statistics,Taylor & Francis
Information Society,Taylor & Francis
Interactive Learning Environments,Taylor & Francis
Internet Mathematics,Taylor & Francis
Combustion Theory and Modelling,Taylor & Francis
Technometrics,Taylor & Francis
Engineering Optimization,Taylor & Francis
Computer Assisted Language Learning,Taylor & Francis
Spatial Cognition and Computation,Taylor & Francis
"Technology, Pedagogy and Education",Taylor & Francis
Behaviour and Information Technology,Taylor & Francis
Cybernetics and Systems,Taylor & Francis
Ecological Psychology,Taylor & Francis
Journal of Global Information Technology Management,Taylor & Francis
Journal of Intelligent Transportation Systems,Taylor & Francis
Journal of the Operational Research Society,Taylor & Francis
Coastal Engineering Journal,Taylor & Francis
Information Systems Management,Taylor & Francis
International Journal of Computer Integrated Manufacturing,Taylor & Francis
Journal of Computer Information Systems,Taylor & Francis
Communications in Partial Differential Equations,Taylor & Francis
Advanced Robotics,Taylor & Francis
Bernoulli,Taylor & Francis
Computer Science Education,Taylor & Francis
Mathematical and Computer Modelling of Dynamical Systems,Taylor & Francis
Molecular Simulation,Taylor & Francis
Optimization Methods and Software,Taylor & Francis
Applied Artificial Intelligence,Taylor & Francis
Connection Science,Taylor & Francis
International Journal of General Systems,Taylor & Francis
Scandinavian Actuarial Journal,Taylor & Francis
Virtual and Physical Prototyping,Taylor & Francis
American Statistician,Taylor & Francis
CoDesign,Taylor & Francis
International Journal of Computer Mathematics,Taylor & Francis
Journal of Mathematical Sociology,Taylor & Francis
Mathematical Thinking and Learning,Taylor & Francis
Production Planning and Control,Taylor & Francis
Integral Transforms and Special Functions,Taylor & Francis
Inverse Problems in Science and Engineering,Taylor & Francis
Journal of Biopharmaceutical Statistics,Taylor & Francis
Mechanics of Advanced Materials and Structures,Taylor & Francis
Journal of Difference Equations and Applications,Taylor & Francis
Journal of Location Based Services,Taylor & Francis
North American Actuarial Journal,Taylor & Francis
CMES - Computer Modeling in Engineering and Sciences,Tech Science Press
"Computers, Materials and Continua",Tech Science Press
Journal of Universal Computer Science,Technische Universit√§t Graz
Logical Methods in Computer Science,Technischen Universitat Braunschweig
Smart Structures and Systems,Techno Press
"Wind and Structures, An International Journal",Techno Press
International Journal of Mobile Human Computer Interaction,The Information Resources Management Association (IRMA)
Journal of Spatial Information Science,The National Center for Geographic Information and Analysis (NCGIA)
"Modeling, Identification and Control",The Research Council of Norway
"Philosophical Transactions of the Royal Society A: Mathematical, Physical and Engineering Sciences",The Royal Society
"Proceedings of the Royal Society A: Mathematical, Physical and Engineering Sciences",The Royal Society
"Vital and health statistics. Series 2, Data evaluation and methods research",U.S. National Center for Health Statistics
Iranian Journal of Fuzzy Systems,Unisity of Sistan & Baluchistan
Scientific Annals of Computer Science,Universitatea din Bucuresti
Balkan Journal of Geometry and its Applications,Universitatea Politehnica Bucuresti
Applied Sciences,Universitatea Politehnica Bucuresti
Applicable Analysis and Discrete Mathematics,University of Belgrade
Journal of Statistical Software,University of California Press
Language Learning and Technology,University of Hawaii Press
First Monday,University of Illinois
Match,University of Kragujevac
MIS Quarterly: Management Information Systems,University of Minnesota
Transactions on Data Privacy,University of Skovde
Advances in Electrical and Computer Engineering,University of Suceava
JASSS,University of Surrey
Australasian Journal of Information Systems,"UQ Business School, The University of Queensland"
Nonlinear Analysis: Modelling and Control,Vilnius University Press
Fractional Calculus and Applied Analysis,Walter de Gruyter
International Journal of Applied Mathematics and Computer Science,Walter de Gruyter
International Journal of Biostatistics,Walter de Gruyter
Statistical Applications in Genetics and Molecular Biology,Walter de Gruyter
Zeitschrift fur Naturforschung - Section A Journal of Physical Sciences,Walter de Gruyter
Journal fur die Reine und Angewandte Mathematik,Walter de Gruyter
Advances in Nonlinear Analysis,Walter de Gruyter
International Journal of Nonlinear Sciences and Numerical Simulation,Walter de Gruyter
Analysis (Germany),Walter de Gruyter
Advances in Calculus of Variations,Walter de Gruyter
Molecular Systems Biology,Wiley-Blackwell
Wiley Interdisciplinary Reviews: Computational Molecular Science,Wiley-Blackwell
Journal of the Royal Statistical Society. Series B: Statistical Methodology,Wiley-Blackwell
Computer-Aided Civil and Infrastructure Engineering,Wiley-Blackwell
Journal of Computational Chemistry,Wiley-Blackwell
Journal of Field Robotics,Wiley-Blackwell
Information Systems Journal,Wiley-Blackwell
Communications on Pure and Applied Mathematics,Wiley-Blackwell
Journal of Computer Assisted Learning,Wiley-Blackwell
Journal of the Association for Information Science and Technology,Wiley-Blackwell
Cognitive Science,Wiley-Blackwell
International Journal for Numerical Methods in Engineering,Wiley-Blackwell
Journal of Computer-Mediated Communication,Wiley-Blackwell
Topics in Cognitive Science,Wiley-Blackwell
Computer Graphics Forum,Wiley-Blackwell
International Journal of Intelligent Systems,Wiley-Blackwell
International Journal for Numerical Methods in Biomedical Engineering,Wiley-Blackwell
Journal of Chemometrics,Wiley-Blackwell
Software - Practice and Experience,Wiley-Blackwell
Software Testing Verification and Reliability,Wiley-Blackwell
Wiley Interdisciplinary Reviews: Data Mining and Knowledge Discovery,Wiley-Blackwell
Molecular Informatics,Wiley-Blackwell
International Journal of Adaptive Control and Signal Processing,Wiley-Blackwell
International Journal of Medical Robotics and Computer Assisted Surgery,Wiley-Blackwell
International Journal for Numerical Methods in Fluids,Wiley-Blackwell
International Journal of Circuit Theory and Applications,Wiley-Blackwell
Statistics in Medicine,Wiley-Blackwell
Computational Intelligence,Wiley-Blackwell
Concurrency Computation Practice and Experience,Wiley-Blackwell
Journal of the Royal Statistical Society. Series A: Statistics in Society,Wiley-Blackwell
Mathematical Finance,Wiley-Blackwell
Wiley Interdisciplinary Reviews: Computational Statistics,Wiley-Blackwell
Biometrics,Wiley-Blackwell
British Journal of Mathematical and Statistical Psychology,Wiley-Blackwell
Numerical Methods for Partial Differential Equations,Wiley-Blackwell
Photogrammetric Record,Wiley-Blackwell
Environmetrics,Wiley-Blackwell
Journal of the Royal Statistical Society. Series C: Applied Statistics,Wiley-Blackwell
Optimal Control Applications and Methods,Wiley-Blackwell
Numerical Linear Algebra with Applications,Wiley-Blackwell
Systems Engineering,Wiley-Blackwell
International Statistical Review,Wiley-Blackwell
ETRI Journal,Wiley-Blackwell
Biometrical Journal,Wiley-Blackwell
International Journal of Communication Systems,Wiley-Blackwell
Networks,Wiley-Blackwell
Journal of Forecasting,Wiley-Blackwell
International Transactions on Electrical Energy Systems,Wiley-Blackwell
Pharmaceutical Statistics,Wiley-Blackwell
Random Structures and Algorithms,Wiley-Blackwell
Scandinavian Journal of Statistics,Wiley-Blackwell
Statistical Analysis and Data Mining,Wiley-Blackwell
Studies in Applied Mathematics,Wiley-Blackwell
International Journal of RF and Microwave Computer-Aided Engineering,Wiley-Blackwell
Expert Systems,Wiley-Blackwell
Journal of software: Evolution and Process,Wiley-Blackwell
Oxford Bulletin of Economics and Statistics,Wiley-Blackwell
Proceedings of the London Mathematical Society,Wiley-Blackwell
ZAMM Zeitschrift fur Angewandte Mathematik und Mechanik,Wiley-Blackwell
Computer Animation and Virtual Worlds,Wiley-Blackwell
Naval Research Logistics,Wiley-Blackwell
International Journal of Imaging Systems and Technology,Wiley-Blackwell
International Journal of Network Management,Wiley-Blackwell
"International Journal of Numerical Modelling: Electronic Networks, Devices and Fields",Wiley-Blackwell
International Transactions in Operational Research,Wiley-Blackwell
Mathematical Methods in the Applied Sciences,Wiley-Blackwell
Computer Applications in Engineering Education,Wiley-Blackwell
Journal of Graph Theory,Wiley-Blackwell
Simulation in Healthcare,Wolters Kluwer Health
Foundations and Trends in Computer Graphics and Vision,World Scientific
International Journal of Neural Systems,World Scientific
Mathematical Models and Methods in Applied Sciences,World Scientific
International Journal of Information Technology and Decision Making,World Scientific
Journal of Bioinformatics and Computational Biology,World Scientific
Analysis and Applications,World Scientific
International Journal of Modern Physics D,World Scientific
International Journal of Bifurcation and Chaos in Applied Sciences and Engineering,World Scientific
"International Journal of Wavelets, Multiresolution and Information Processing",World Scientific
Reviews in Mathematical Physics,World Scientific
Fluctuation and Noise Letters,World Scientific
Parallel Processing Letters,World Scientific
"International Journal of Uncertainty, Fuzziness and Knowlege-Based Systems",World Scientific
International Journal of Structural Stability and Dynamics,World Scientific
Open Systems and Information Dynamics,World Scientific
Journal of Nonlinear and Convex Analysis,Yokohama Publishers
Science China Information Sciences,Zhongguo Kexue Zazhishe/Science in China Press
Journal of Computational Mathematics,Zhongguo Kexueyuan
Operating Systems Review (ACM),
